employee_id,name,department,job_role,salary,hire_date,exit_date,attrition,performance_rating
1,Employee_1,Sales,Sales Executive,86198,2021-01-05,,No,2
2,Employee_2,HR,HR Executive,112094,2020-11-09,2022-05-27,Yes,4
3,Employee_3,HR,HR Manager,106556,2022-05-21,2023-02-14,Yes,3
4,Employee_4,Finance,Financial Analyst,52213,2020-02-20,2021-01-22,Yes,4
5,Employee_5,Marketing,SEO Specialist,80101,2023-05-04,,No,5
6,Employee_6,IT,Data Engineer,43806,2023-08-03,,No,1
7,Employee_7,Finance,Financial Analyst,85879,2021-02-11,2022-08-11,Yes,5
8,Employee_8,Marketing,SEO Specialist,60427,2022-12-21,,No,3
9,Employee_9,Marketing,SEO Specialist,99583,2022-04-23,,No,2
10,Employee_10,HR,HR Executive,50874,2022-07-17,,No,4
11,Employee_11,HR,HR Executive,42767,2022-11-29,,No,4
12,Employee_12,IT,Data Engineer,107305,2021-09-28,,No,2
13,Employee_13,Marketing,Content Manager,77314,2023-11-13,,No,4
14,Employee_14,Finance,Financial Analyst,34686,2021-11-16,2024-01-10,Yes,4
15,Employee_15,HR,HR Executive,35833,2021-07-20,2023-07-10,Yes,5
16,Employee_16,IT,Data Analyst,117707,2021-12-01,,No,2
17,Employee_17,Sales,Sales Manager,101652,2021-11-07,2022-05-28,Yes,5
18,Employee_18,Finance,Accountant,118112,2021-05-03,2021-10-28,Yes,5
19,Employee_19,HR,HR Manager,99743,2022-11-21,2023-10-14,Yes,1
20,Employee_20,Marketing,Content Manager,82383,2021-06-21,2022-06-12,Yes,2
21,Employee_21,HR,HR Executive,76787,2022-11-14,,No,5
22,Employee_22,Marketing,Content Manager,89851,2021-03-03,,No,5
23,Employee_23,Finance,Accountant,58132,2022-03-15,,No,5
24,Employee_24,IT,Data Analyst,86682,2022-04-25,,No,4
25,Employee_25,Marketing,SEO Specialist,30164,2021-08-12,,No,1
26,Employee_26,Finance,Financial Analyst,62816,2023-03-06,,No,2
27,Employee_27,Finance,Accountant,82427,2020-08-10,2021-05-08,Yes,3
28,Employee_28,IT,Data Engineer,33160,2023-02-22,,No,5
29,Employee_29,IT,Backend Developer,70268,2021-01-17,2021-08-08,Yes,2
30,Employee_30,Finance,Financial Analyst,41211,2023-05-03,,No,2
31,Employee_31,Marketing,Content Manager,76095,2022-03-10,2022-09-08,Yes,4
32,Employee_32,Finance,Accountant,91122,2020-10-21,2021-03-12,Yes,3
33,Employee_33,IT,Data Analyst,35647,2020-11-10,2021-11-03,Yes,5
34,Employee_34,Finance,Accountant,71311,2020-08-01,,No,2
35,Employee_35,Sales,Sales Executive,95339,2023-08-08,,No,3
36,Employee_36,IT,Data Analyst,61420,2022-05-14,2023-11-25,Yes,3
37,Employee_37,Marketing,SEO Specialist,35553,2022-06-07,2024-05-06,Yes,1
38,Employee_38,Sales,Sales Executive,32736,2020-05-31,,No,5
39,Employee_39,Finance,Financial Analyst,94307,2022-05-28,2023-12-19,Yes,4
40,Employee_40,Finance,Financial Analyst,74922,2020-05-07,2021-08-07,Yes,1
41,Employee_41,IT,Data Analyst,101726,2020-01-22,,No,1
42,Employee_42,Finance,Financial Analyst,79061,2021-07-30,2023-03-09,Yes,1
43,Employee_43,Finance,Accountant,58736,2020-11-02,2021-06-25,Yes,1
44,Employee_44,HR,HR Executive,58966,2020-08-05,,No,2
45,Employee_45,Sales,Sales Manager,94934,2023-10-02,,No,4
46,Employee_46,Sales,Sales Executive,57214,2023-07-09,,No,5
47,Employee_47,Marketing,SEO Specialist,95751,2022-09-19,2023-08-05,Yes,1
48,Employee_48,Finance,Financial Analyst,73741,2022-11-28,,No,1
49,Employee_49,HR,HR Manager,103184,2020-03-01,,No,3
50,Employee_50,Sales,Sales Manager,47373,2023-12-19,,No,4
51,Employee_51,HR,HR Manager,47741,2020-10-20,2021-03-26,Yes,2
52,Employee_52,IT,Backend Developer,96586,2023-05-12,2023-10-14,Yes,5
53,Employee_53,HR,HR Executive,115377,2021-03-03,2023-04-14,Yes,2
54,Employee_54,Marketing,SEO Specialist,57701,2023-12-25,2026-02-06,Yes,1
55,Employee_55,HR,HR Executive,35102,2023-06-21,2024-08-26,Yes,4
56,Employee_56,Finance,Financial Analyst,55400,2021-08-12,2023-06-16,Yes,3
57,Employee_57,IT,Backend Developer,47815,2021-03-20,,No,5
58,Employee_58,HR,HR Executive,62305,2021-12-12,,No,4
59,Employee_59,Sales,Sales Executive,112516,2021-09-08,2022-12-11,Yes,1
60,Employee_60,Marketing,SEO Specialist,119256,2023-01-28,2023-11-22,Yes,1
61,Employee_61,IT,Data Analyst,70407,2023-05-26,,No,5
62,Employee_62,HR,HR Executive,45784,2022-04-25,2023-11-22,Yes,5
63,Employee_63,Marketing,Content Manager,61799,2022-10-31,,No,1
64,Employee_64,Finance,Accountant,50716,2021-01-07,2021-10-05,Yes,5
65,Employee_65,IT,Data Analyst,78189,2020-06-18,2022-01-06,Yes,3
66,Employee_66,Finance,Accountant,96431,2022-08-14,2024-08-09,Yes,1
67,Employee_67,IT,Data Analyst,111893,2022-01-31,2023-10-08,Yes,4
68,Employee_68,HR,HR Manager,93803,2022-11-17,,No,5
69,Employee_69,Finance,Accountant,39803,2020-03-12,,No,5
70,Employee_70,IT,Data Engineer,70342,2021-04-17,,No,1
71,Employee_71,HR,HR Manager,56265,2023-09-19,,No,3
72,Employee_72,HR,HR Executive,87172,2020-09-21,2022-04-16,Yes,2
73,Employee_73,Sales,Sales Executive,31307,2020-05-04,,No,4
74,Employee_74,Finance,Financial Analyst,110530,2023-10-06,2025-09-23,Yes,5
75,Employee_75,Finance,Accountant,41799,2022-01-09,2023-01-21,Yes,4
76,Employee_76,Sales,Sales Manager,72094,2022-02-25,2023-01-30,Yes,3
77,Employee_77,Marketing,Content Manager,85137,2022-06-24,2024-08-11,Yes,4
78,Employee_78,Sales,Sales Manager,81548,2023-03-13,2023-12-27,Yes,1
79,Employee_79,Marketing,SEO Specialist,71142,2023-12-21,2024-08-19,Yes,4
80,Employee_80,Sales,Sales Manager,74899,2020-06-17,2021-03-07,Yes,5
81,Employee_81,HR,HR Executive,94343,2022-08-10,,No,3
82,Employee_82,HR,HR Manager,109007,2023-10-30,2025-11-28,Yes,5
83,Employee_83,IT,Data Engineer,63380,2020-08-19,,No,5
84,Employee_84,IT,Data Analyst,105123,2022-07-10,,No,3
85,Employee_85,Marketing,Content Manager,31434,2023-06-03,,No,2
86,Employee_86,Sales,Sales Manager,83367,2020-04-18,,No,5
87,Employee_87,Finance,Financial Analyst,45222,2021-07-11,2021-11-29,Yes,2
88,Employee_88,HR,HR Manager,37247,2020-10-21,,No,2
89,Employee_89,HR,HR Executive,82598,2024-01-09,2026-03-08,Yes,4
90,Employee_90,IT,Backend Developer,71427,2024-01-17,,No,4
91,Employee_91,Finance,Accountant,60261,2022-05-07,2023-04-09,Yes,1
92,Employee_92,Marketing,SEO Specialist,47121,2023-04-18,,No,4
93,Employee_93,HR,HR Executive,79355,2021-10-07,,No,2
94,Employee_94,Finance,Financial Analyst,76732,2020-03-02,2021-12-04,Yes,5
95,Employee_95,Marketing,Content Manager,118705,2022-03-15,2023-12-26,Yes,5
96,Employee_96,Marketing,SEO Specialist,88503,2023-06-24,,No,2
97,Employee_97,HR,HR Executive,84662,2023-03-19,,No,1
98,Employee_98,Sales,Sales Executive,98786,2021-07-12,2021-12-08,Yes,3
99,Employee_99,Marketing,Content Manager,43124,2022-07-06,2024-04-23,Yes,3
100,Employee_100,Sales,Sales Manager,117446,2020-12-12,,No,1
101,Employee_101,Sales,Sales Manager,63993,2022-04-25,,No,1
102,Employee_102,Marketing,SEO Specialist,51635,2020-03-16,,No,4
103,Employee_103,Marketing,SEO Specialist,109938,2020-08-03,2021-06-06,Yes,3
104,Employee_104,Finance,Financial Analyst,63594,2022-02-07,2022-10-29,Yes,4
105,Employee_105,IT,Backend Developer,34891,2022-05-26,2024-06-11,Yes,2
106,Employee_106,IT,Backend Developer,101331,2023-11-10,,No,3
107,Employee_107,Marketing,SEO Specialist,50699,2023-05-21,2024-02-24,Yes,3
108,Employee_108,Finance,Accountant,70268,2022-03-20,,No,2
109,Employee_109,IT,Data Engineer,119441,2021-01-07,,No,1
110,Employee_110,IT,Backend Developer,60877,2023-11-22,2025-11-13,Yes,3
111,Employee_111,Sales,Sales Executive,97761,2022-02-14,,No,2
112,Employee_112,Sales,Sales Executive,53433,2024-01-14,,No,1
113,Employee_113,Sales,Sales Manager,31944,2022-02-20,,No,5
114,Employee_114,Marketing,SEO Specialist,49545,2020-01-13,2021-11-21,Yes,3
115,Employee_115,Finance,Financial Analyst,77665,2020-07-10,,No,3
116,Employee_116,Sales,Sales Executive,117569,2023-05-25,,No,2
117,Employee_117,IT,Data Analyst,103110,2022-04-06,2023-02-06,Yes,2
118,Employee_118,Sales,Sales Manager,59628,2023-10-25,,No,2
119,Employee_119,IT,Data Analyst,81883,2021-12-12,2022-08-10,Yes,3
120,Employee_120,Marketing,SEO Specialist,76041,2020-03-09,,No,1
121,Employee_121,Marketing,SEO Specialist,99052,2023-10-09,,No,3
122,Employee_122,Marketing,Content Manager,119993,2023-11-26,,No,3
123,Employee_123,Marketing,Content Manager,81664,2023-01-15,2023-11-08,Yes,5
124,Employee_124,IT,Data Analyst,31851,2021-10-20,2023-06-23,Yes,4
125,Employee_125,Marketing,SEO Specialist,119170,2023-12-19,2025-07-08,Yes,3
126,Employee_126,HR,HR Executive,31053,2021-08-22,,No,3
127,Employee_127,Sales,Sales Manager,117600,2023-03-17,2024-07-25,Yes,5
128,Employee_128,Finance,Accountant,61119,2020-03-28,2020-12-05,Yes,5
129,Employee_129,HR,HR Manager,63336,2021-02-15,2022-03-31,Yes,1
130,Employee_130,Sales,Sales Executive,30423,2022-03-14,,No,1
131,Employee_131,Marketing,SEO Specialist,74406,2021-07-10,,No,4
132,Employee_132,IT,Data Engineer,100052,2021-12-24,2023-08-20,Yes,3
133,Employee_133,Finance,Accountant,59054,2022-02-21,,No,5
134,Employee_134,Sales,Sales Executive,66335,2022-01-24,2023-04-27,Yes,4
135,Employee_135,Sales,Sales Manager,37732,2023-06-12,,No,3
136,Employee_136,Sales,Sales Executive,116603,2022-02-13,2024-04-01,Yes,4
137,Employee_137,IT,Data Engineer,52137,2022-09-11,,No,1
138,Employee_138,Sales,Sales Manager,69320,2021-08-23,,No,3
139,Employee_139,Marketing,Content Manager,51971,2020-11-08,2021-06-06,Yes,2
140,Employee_140,IT,Backend Developer,109737,2022-01-03,,No,4
141,Employee_141,HR,HR Executive,103112,2021-07-11,,No,3
142,Employee_142,IT,Data Engineer,66520,2020-01-26,2022-03-03,Yes,1
143,Employee_143,IT,Backend Developer,50482,2021-02-18,,No,3
144,Employee_144,HR,HR Manager,117456,2020-01-23,2020-06-30,Yes,3
145,Employee_145,HR,HR Manager,89540,2021-06-06,2022-06-14,Yes,5
146,Employee_146,IT,Data Engineer,117513,2021-04-05,,No,3
147,Employee_147,IT,Data Engineer,45719,2023-06-15,2024-01-20,Yes,1
148,Employee_148,HR,HR Executive,115243,2021-02-09,,No,4
149,Employee_149,Finance,Financial Analyst,114937,2021-11-21,,No,5
150,Employee_150,IT,Data Analyst,72266,2023-09-27,2025-07-19,Yes,5
151,Employee_151,Marketing,Content Manager,71057,2021-05-19,2022-02-20,Yes,3
152,Employee_152,Finance,Financial Analyst,94385,2022-10-24,,No,5
153,Employee_153,Sales,Sales Manager,55744,2023-11-18,2024-04-20,Yes,2
154,Employee_154,Finance,Financial Analyst,34232,2023-08-18,,No,3
155,Employee_155,Marketing,SEO Specialist,41219,2022-12-28,,No,5
156,Employee_156,Marketing,SEO Specialist,30731,2023-11-02,,No,2
157,Employee_157,HR,HR Manager,41166,2023-09-02,,No,4
158,Employee_158,HR,HR Manager,61046,2022-10-19,,No,2
159,Employee_159,Marketing,Content Manager,71629,2021-12-22,2024-01-08,Yes,4
160,Employee_160,Finance,Accountant,117228,2021-08-07,2023-02-28,Yes,5
161,Employee_161,IT,Backend Developer,72421,2022-09-04,,No,4
162,Employee_162,Sales,Sales Executive,90608,2020-04-30,,No,3
163,Employee_163,Sales,Sales Executive,36801,2021-06-23,2022-02-18,Yes,4
164,Employee_164,Finance,Accountant,90983,2023-08-10,2025-07-03,Yes,4
165,Employee_165,Marketing,SEO Specialist,67939,2023-11-28,2024-08-27,Yes,2
166,Employee_166,IT,Data Engineer,99468,2020-09-26,,No,1
167,Employee_167,Marketing,SEO Specialist,39163,2022-02-18,2023-05-28,Yes,1
168,Employee_168,Sales,Sales Executive,75076,2022-07-27,,No,1
169,Employee_169,HR,HR Manager,30637,2022-04-11,2024-02-28,Yes,3
170,Employee_170,Sales,Sales Manager,67628,2022-04-29,2022-09-03,Yes,2
171,Employee_171,Finance,Financial Analyst,49728,2023-03-08,2024-11-02,Yes,1
172,Employee_172,Marketing,Content Manager,77366,2022-07-17,2022-11-28,Yes,5
173,Employee_173,Finance,Accountant,80249,2023-09-09,2023-12-30,Yes,1
174,Employee_174,HR,HR Manager,50409,2022-04-01,2023-09-14,Yes,3
175,Employee_175,Sales,Sales Executive,96308,2021-11-07,,No,1
176,Employee_176,Finance,Accountant,118847,2021-04-24,,No,2
177,Employee_177,Marketing,SEO Specialist,49573,2020-04-21,,No,4
178,Employee_178,Finance,Financial Analyst,52704,2022-04-19,,No,2
179,Employee_179,Sales,Sales Executive,101479,2023-04-09,,No,2
180,Employee_180,Sales,Sales Manager,51349,2023-01-17,,No,3
181,Employee_181,IT,Data Analyst,112149,2020-07-30,2022-04-23,Yes,2
182,Employee_182,IT,Backend Developer,67820,2024-02-09,,No,1
183,Employee_183,Marketing,Content Manager,116538,2020-01-03,,No,1
184,Employee_184,Finance,Financial Analyst,103798,2021-07-02,2023-06-06,Yes,5
185,Employee_185,IT,Backend Developer,101505,2022-06-06,,No,3
186,Employee_186,Finance,Accountant,68471,2023-09-06,2025-04-20,Yes,1
187,Employee_187,HR,HR Manager,35444,2023-08-06,,No,4
188,Employee_188,IT,Backend Developer,71232,2020-08-30,2022-05-11,Yes,5
189,Employee_189,IT,Backend Developer,73108,2023-01-31,2023-11-07,Yes,4
190,Employee_190,Marketing,Content Manager,41494,2021-01-03,2022-03-10,Yes,4
191,Employee_191,IT,Backend Developer,112012,2023-10-02,,No,1
192,Employee_192,HR,HR Manager,63085,2022-03-29,2023-07-18,Yes,1
193,Employee_193,IT,Backend Developer,38635,2023-01-03,,No,3
194,Employee_194,Finance,Financial Analyst,66647,2022-05-26,,No,1
195,Employee_195,Marketing,SEO Specialist,116599,2020-10-10,2022-05-02,Yes,2
196,Employee_196,HR,HR Executive,107575,2020-06-08,2021-05-25,Yes,2
197,Employee_197,Marketing,Content Manager,73913,2022-03-09,2023-08-05,Yes,1
198,Employee_198,HR,HR Manager,63564,2021-08-29,,No,1
199,Employee_199,HR,HR Manager,119032,2020-11-01,,No,5
200,Employee_200,HR,HR Manager,88789,2022-01-19,,No,2
201,Employee_201,IT,Backend Developer,113305,2020-09-15,,No,4
202,Employee_202,Finance,Accountant,54308,2021-10-27,2023-11-25,Yes,3
203,Employee_203,Marketing,Content Manager,91709,2021-04-11,2021-09-10,Yes,4
204,Employee_204,Sales,Sales Executive,95578,2023-10-25,2025-04-12,Yes,2
205,Employee_205,Marketing,Content Manager,109868,2024-02-04,,No,2
206,Employee_206,Sales,Sales Executive,110240,2020-11-30,,No,3
207,Employee_207,Marketing,SEO Specialist,40260,2021-04-16,2021-10-15,Yes,3
208,Employee_208,Finance,Accountant,68725,2021-03-20,2022-03-19,Yes,2
209,Employee_209,IT,Data Engineer,89117,2021-03-13,2022-07-17,Yes,1
210,Employee_210,HR,HR Manager,39076,2023-01-25,2024-03-09,Yes,1
211,Employee_211,Sales,Sales Executive,114793,2023-03-24,,No,4
212,Employee_212,Sales,Sales Manager,53339,2020-07-10,2021-11-15,Yes,1
213,Employee_213,Marketing,SEO Specialist,103348,2021-12-25,,No,1
214,Employee_214,Marketing,SEO Specialist,49096,2023-07-12,2024-04-28,Yes,4
215,Employee_215,Marketing,Content Manager,83101,2020-08-03,,No,2
216,Employee_216,IT,Backend Developer,58885,2023-11-26,,No,4
217,Employee_217,IT,Data Analyst,102581,2023-07-02,2024-10-28,Yes,4
218,Employee_218,Finance,Accountant,110433,2023-03-31,,No,5
219,Employee_219,Finance,Financial Analyst,70844,2023-05-29,2023-12-27,Yes,2
220,Employee_220,IT,Backend Developer,39097,2020-01-24,2021-05-22,Yes,4
221,Employee_221,Sales,Sales Manager,42943,2022-06-23,,No,4
222,Employee_222,Sales,Sales Executive,90912,2022-09-19,,No,4
223,Employee_223,Marketing,Content Manager,52089,2022-03-14,,No,5
224,Employee_224,IT,Backend Developer,68958,2022-09-09,,No,5
225,Employee_225,HR,HR Manager,95441,2022-11-11,2023-05-02,Yes,1
226,Employee_226,HR,HR Executive,107432,2020-05-11,,No,1
227,Employee_227,Sales,Sales Executive,88837,2020-08-22,,No,3
228,Employee_228,Marketing,Content Manager,51396,2020-09-09,,No,4
229,Employee_229,Finance,Accountant,94450,2021-06-24,,No,4
230,Employee_230,Sales,Sales Manager,44809,2022-06-05,,No,4
231,Employee_231,IT,Data Engineer,109680,2022-04-01,2023-03-10,Yes,2
232,Employee_232,Finance,Financial Analyst,36467,2022-09-17,,No,2
233,Employee_233,Sales,Sales Executive,97060,2020-03-10,,No,1
234,Employee_234,IT,Data Engineer,114620,2022-05-02,2024-06-28,Yes,1
235,Employee_235,Sales,Sales Manager,41663,2021-06-21,,No,3
236,Employee_236,IT,Backend Developer,59762,2020-04-18,2021-11-01,Yes,2
237,Employee_237,HR,HR Manager,100566,2020-05-13,,No,2
238,Employee_238,Sales,Sales Manager,75925,2021-11-11,2022-04-26,Yes,2
239,Employee_239,IT,Data Engineer,119418,2023-11-29,2025-10-02,Yes,1
240,Employee_240,Sales,Sales Manager,62811,2020-05-17,,No,1
241,Employee_241,Finance,Financial Analyst,87664,2023-10-13,,No,5
242,Employee_242,IT,Backend Developer,42091,2022-01-28,,No,4
243,Employee_243,HR,HR Executive,53351,2023-01-01,2023-04-12,Yes,3
244,Employee_244,Sales,Sales Manager,30189,2022-06-18,2024-05-18,Yes,2
245,Employee_245,IT,Backend Developer,53761,2020-09-20,,No,1
246,Employee_246,HR,HR Manager,63110,2021-08-06,2023-03-31,Yes,1
247,Employee_247,HR,HR Manager,84503,2021-09-17,,No,1
248,Employee_248,Finance,Financial Analyst,97020,2020-06-17,,No,1
249,Employee_249,Finance,Financial Analyst,39258,2022-10-25,,No,1
250,Employee_250,Sales,Sales Manager,63790,2020-07-16,,No,4
251,Employee_251,Sales,Sales Manager,49621,2021-01-17,2021-12-20,Yes,2
252,Employee_252,IT,Backend Developer,74458,2022-11-04,2024-06-04,Yes,4
253,Employee_253,Sales,Sales Executive,74114,2021-09-22,2022-02-09,Yes,1
254,Employee_254,IT,Backend Developer,80548,2023-10-13,2024-10-15,Yes,4
255,Employee_255,IT,Backend Developer,66595,2023-03-15,2024-02-23,Yes,4
256,Employee_256,Finance,Financial Analyst,31944,2023-06-15,,No,5
257,Employee_257,Marketing,Content Manager,108668,2024-01-02,,No,2
258,Employee_258,IT,Data Analyst,107242,2022-01-05,,No,3
259,Employee_259,HR,HR Manager,105351,2020-02-05,2021-02-15,Yes,2
260,Employee_260,Sales,Sales Executive,44797,2023-11-02,,No,4
261,Employee_261,HR,HR Manager,119213,2022-05-19,2023-03-19,Yes,1
262,Employee_262,Finance,Accountant,96511,2023-10-04,2025-10-28,Yes,1
263,Employee_263,HR,HR Executive,89748,2023-08-17,2024-08-18,Yes,2
264,Employee_264,Marketing,SEO Specialist,110305,2022-12-24,,No,5
265,Employee_265,IT,Data Engineer,33403,2023-05-18,,No,1
266,Employee_266,IT,Data Analyst,98859,2022-02-11,,No,1
267,Employee_267,HR,HR Manager,42361,2021-01-13,2021-12-21,Yes,3
268,Employee_268,IT,Data Engineer,39359,2020-06-06,2022-03-02,Yes,3
269,Employee_269,IT,Data Analyst,111376,2020-02-09,2022-02-12,Yes,3
270,Employee_270,HR,HR Manager,89843,2022-08-02,2023-10-13,Yes,5
271,Employee_271,Finance,Accountant,98316,2021-11-24,2023-04-09,Yes,2
272,Employee_272,Finance,Financial Analyst,31228,2023-07-20,,No,2
273,Employee_273,IT,Data Engineer,63336,2022-07-08,2024-01-12,Yes,3
274,Employee_274,Marketing,Content Manager,42848,2021-08-27,2023-03-18,Yes,2
275,Employee_275,Finance,Financial Analyst,72445,2023-12-10,2026-01-02,Yes,2
276,Employee_276,Finance,Accountant,92810,2021-08-04,,No,1
277,Employee_277,Sales,Sales Manager,91320,2022-04-03,,No,5
278,Employee_278,Finance,Financial Analyst,113950,2023-08-24,2024-10-20,Yes,2
279,Employee_279,Sales,Sales Executive,116503,2023-04-21,2024-01-11,Yes,1
280,Employee_280,Marketing,SEO Specialist,52337,2022-06-01,,No,1
281,Employee_281,Finance,Financial Analyst,30631,2022-01-18,2022-07-25,Yes,2
282,Employee_282,Sales,Sales Executive,38870,2022-03-19,,No,3
283,Employee_283,HR,HR Manager,113183,2023-07-04,,No,4
284,Employee_284,HR,HR Manager,59076,2023-11-22,,No,1
285,Employee_285,Sales,Sales Manager,80360,2023-03-04,2024-06-28,Yes,3
286,Employee_286,IT,Backend Developer,55785,2021-01-18,2023-02-18,Yes,4
287,Employee_287,HR,HR Manager,85360,2021-09-07,2022-04-18,Yes,3
288,Employee_288,Finance,Financial Analyst,56888,2021-05-03,2023-01-25,Yes,4
289,Employee_289,HR,HR Manager,91188,2023-10-11,2024-02-27,Yes,2
290,Employee_290,Sales,Sales Executive,94657,2022-02-10,,No,1
291,Employee_291,Marketing,SEO Specialist,65080,2021-12-27,,No,3
292,Employee_292,HR,HR Executive,50382,2023-03-14,2025-05-16,Yes,3
293,Employee_293,Marketing,SEO Specialist,89492,2021-11-03,2022-12-09,Yes,1
294,Employee_294,HR,HR Executive,106072,2022-08-06,,No,1
295,Employee_295,Marketing,SEO Specialist,88053,2020-03-27,,No,2
296,Employee_296,Finance,Accountant,83521,2022-06-09,,No,5
297,Employee_297,Finance,Accountant,77293,2022-07-13,2024-01-07,Yes,4
298,Employee_298,IT,Data Analyst,110855,2023-09-22,2024-03-02,Yes,4
299,Employee_299,IT,Data Analyst,117488,2022-10-25,2024-07-16,Yes,1
300,Employee_300,Sales,Sales Executive,100940,2022-08-28,2023-01-24,Yes,5
301,Employee_301,Sales,Sales Manager,63461,2021-02-02,,No,5
302,Employee_302,IT,Backend Developer,78491,2023-05-18,2023-11-05,Yes,4
303,Employee_303,Finance,Accountant,98415,2023-05-20,2023-10-20,Yes,4
304,Employee_304,Marketing,Content Manager,63861,2020-01-13,2021-06-15,Yes,2
305,Employee_305,Finance,Financial Analyst,92311,2021-09-12,2022-07-27,Yes,4
306,Employee_306,IT,Data Engineer,80685,2021-07-11,2023-06-04,Yes,3
307,Employee_307,IT,Data Analyst,94297,2020-04-30,2021-06-18,Yes,5
308,Employee_308,HR,HR Manager,41107,2021-02-09,,No,3
309,Employee_309,Sales,Sales Manager,77114,2022-04-25,,No,4
310,Employee_310,HR,HR Executive,91613,2022-11-18,,No,3
311,Employee_311,Sales,Sales Executive,82186,2024-01-28,2025-04-02,Yes,4
312,Employee_312,Sales,Sales Manager,57238,2021-01-24,,No,2
313,Employee_313,HR,HR Executive,30030,2023-06-09,2025-01-30,Yes,4
314,Employee_314,Finance,Accountant,55013,2023-02-20,,No,4
315,Employee_315,Marketing,SEO Specialist,98212,2022-09-09,2024-03-29,Yes,1
316,Employee_316,IT,Data Analyst,105004,2023-08-17,2024-04-08,Yes,1
317,Employee_317,IT,Data Engineer,67867,2021-04-15,,No,2
318,Employee_318,Marketing,Content Manager,107468,2021-03-14,2022-11-07,Yes,4
319,Employee_319,Sales,Sales Manager,71679,2022-12-21,,No,5
320,Employee_320,Marketing,SEO Specialist,54554,2023-03-19,,No,5
321,Employee_321,Finance,Financial Analyst,68734,2023-07-31,2025-03-02,Yes,4
322,Employee_322,HR,HR Executive,36902,2022-03-06,2023-05-14,Yes,3
323,Employee_323,HR,HR Manager,103973,2022-05-18,2023-05-12,Yes,3
324,Employee_324,Sales,Sales Manager,119413,2020-11-07,2022-10-06,Yes,4
325,Employee_325,Marketing,SEO Specialist,115845,2023-02-11,,No,3
326,Employee_326,IT,Backend Developer,71601,2023-11-28,,No,2
327,Employee_327,HR,HR Manager,83323,2020-12-24,,No,1
328,Employee_328,HR,HR Manager,82079,2021-03-21,,No,4
329,Employee_329,Finance,Accountant,57304,2022-09-22,,No,3
330,Employee_330,IT,Backend Developer,105585,2021-05-04,,No,3
331,Employee_331,HR,HR Executive,45432,2021-03-31,2023-01-11,Yes,4
332,Employee_332,IT,Backend Developer,94862,2021-01-07,2021-09-26,Yes,1
333,Employee_333,IT,Backend Developer,34660,2021-05-15,2021-10-30,Yes,3
334,Employee_334,Sales,Sales Executive,31169,2021-05-24,,No,2
335,Employee_335,Sales,Sales Executive,90837,2021-04-20,2022-12-27,Yes,4
336,Employee_336,Finance,Financial Analyst,72078,2022-04-12,,No,1
337,Employee_337,Sales,Sales Manager,114901,2023-09-11,,No,3
338,Employee_338,HR,HR Executive,97726,2020-07-13,2022-06-13,Yes,5
339,Employee_339,IT,Backend Developer,89240,2020-03-18,,No,2
340,Employee_340,IT,Data Engineer,116381,2021-10-21,2022-12-01,Yes,2
341,Employee_341,IT,Data Analyst,52476,2021-05-18,2021-12-27,Yes,4
342,Employee_342,HR,HR Manager,111382,2022-02-28,,No,2
343,Employee_343,Finance,Financial Analyst,84850,2021-10-22,2022-08-01,Yes,1
344,Employee_344,Finance,Financial Analyst,107743,2020-04-02,2022-01-10,Yes,1
345,Employee_345,Sales,Sales Manager,95435,2020-09-29,,No,1
346,Employee_346,HR,HR Executive,42830,2023-01-06,2024-12-15,Yes,5
347,Employee_347,Sales,Sales Manager,94766,2020-05-18,,No,5
348,Employee_348,Finance,Financial Analyst,91543,2021-03-20,2022-06-14,Yes,3
349,Employee_349,HR,HR Executive,105363,2021-08-29,2023-07-12,Yes,3
350,Employee_350,HR,HR Manager,38995,2021-10-05,,No,1
351,Employee_351,Sales,Sales Executive,74192,2020-09-10,,No,4
352,Employee_352,Finance,Accountant,39215,2023-01-10,,No,3
353,Employee_353,IT,Data Engineer,101898,2022-12-29,,No,3
354,Employee_354,Sales,Sales Manager,59750,2021-01-20,2021-07-07,Yes,2
355,Employee_355,Marketing,Content Manager,91564,2022-05-14,,No,2
356,Employee_356,IT,Data Analyst,89278,2022-07-05,2023-08-04,Yes,1
357,Employee_357,Marketing,SEO Specialist,96924,2022-05-25,,No,5
358,Employee_358,HR,HR Manager,70862,2020-12-02,2021-06-23,Yes,2
359,Employee_359,Finance,Accountant,78395,2022-07-01,2024-04-16,Yes,5
360,Employee_360,IT,Backend Developer,111250,2023-09-22,2025-07-06,Yes,5
361,Employee_361,Finance,Financial Analyst,30006,2020-03-24,2021-01-04,Yes,3
362,Employee_362,HR,HR Manager,66038,2023-04-19,2025-06-27,Yes,1
363,Employee_363,Finance,Financial Analyst,61487,2020-05-07,2021-06-04,Yes,5
364,Employee_364,Sales,Sales Manager,69775,2022-05-28,,No,3
365,Employee_365,IT,Backend Developer,53090,2021-03-25,,No,4
366,Employee_366,IT,Data Analyst,43445,2023-10-08,,No,3
367,Employee_367,Sales,Sales Manager,75499,2023-07-01,2025-01-26,Yes,2
368,Employee_368,HR,HR Manager,73817,2020-09-17,,No,1
369,Employee_369,Finance,Financial Analyst,53258,2022-03-20,2023-11-26,Yes,4
370,Employee_370,Sales,Sales Manager,53224,2023-05-16,,No,2
371,Employee_371,Sales,Sales Executive,84944,2021-12-22,,No,4
372,Employee_372,HR,HR Manager,33869,2022-07-24,2023-04-02,Yes,2
373,Employee_373,HR,HR Manager,68427,2023-02-02,2024-11-16,Yes,5
374,Employee_374,IT,Backend Developer,108665,2023-01-31,2024-10-25,Yes,4
375,Employee_375,Finance,Financial Analyst,43012,2020-02-09,,No,1
376,Employee_376,Marketing,SEO Specialist,78103,2021-12-25,,No,3
377,Employee_377,Marketing,SEO Specialist,75853,2022-04-08,,No,2
378,Employee_378,Sales,Sales Manager,54837,2020-09-06,,No,4
379,Employee_379,Marketing,SEO Specialist,41905,2021-08-19,2022-04-22,Yes,3
380,Employee_380,IT,Data Analyst,64537,2020-05-15,2021-11-07,Yes,4
381,Employee_381,Sales,Sales Executive,86717,2020-01-23,,No,2
382,Employee_382,IT,Backend Developer,87812,2020-09-01,2022-03-13,Yes,5
383,Employee_383,Finance,Financial Analyst,73563,2022-10-27,,No,5
384,Employee_384,Sales,Sales Manager,74049,2023-10-26,,No,1
385,Employee_385,IT,Data Engineer,105917,2020-05-13,2021-10-18,Yes,5
386,Employee_386,HR,HR Executive,85314,2021-11-19,2022-08-08,Yes,4
387,Employee_387,Sales,Sales Manager,65023,2022-08-08,2024-04-15,Yes,4
388,Employee_388,Sales,Sales Executive,71718,2023-06-04,,No,2
389,Employee_389,IT,Data Analyst,119732,2020-10-09,2021-08-21,Yes,5
390,Employee_390,HR,HR Executive,64623,2021-06-06,2021-12-26,Yes,2
391,Employee_391,Finance,Accountant,50280,2022-02-03,2023-06-21,Yes,4
392,Employee_392,Finance,Accountant,109051,2020-08-28,2021-06-25,Yes,5
393,Employee_393,IT,Data Engineer,119768,2021-01-16,,No,4
394,Employee_394,Finance,Accountant,48044,2020-07-02,2022-05-16,Yes,4
395,Employee_395,HR,HR Manager,35535,2022-05-14,2022-09-30,Yes,1
396,Employee_396,Finance,Financial Analyst,106135,2023-03-27,2024-08-26,Yes,1
397,Employee_397,Finance,Financial Analyst,59042,2022-06-21,2024-08-20,Yes,2
398,Employee_398,HR,HR Manager,55681,2023-07-19,2024-04-01,Yes,3
399,Employee_399,Finance,Accountant,86007,2020-03-30,,No,5
400,Employee_400,HR,HR Manager,62699,2023-04-08,,No,5
401,Employee_401,Marketing,Content Manager,52454,2023-01-18,2024-02-10,Yes,4
402,Employee_402,HR,HR Executive,99021,2024-01-16,2025-10-02,Yes,3
403,Employee_403,Sales,Sales Executive,59018,2020-07-19,,No,3
404,Employee_404,IT,Backend Developer,97615,2022-04-06,2023-01-14,Yes,5
405,Employee_405,Finance,Accountant,31121,2020-11-10,,No,5
406,Employee_406,Finance,Accountant,32609,2021-06-13,,No,3
407,Employee_407,Finance,Accountant,90605,2020-12-06,,No,1
408,Employee_408,Sales,Sales Executive,80854,2022-05-07,2022-10-03,Yes,5
409,Employee_409,Sales,Sales Manager,119113,2023-04-15,2024-06-24,Yes,5
410,Employee_410,Sales,Sales Executive,38728,2021-03-17,,No,2
411,Employee_411,IT,Data Engineer,39152,2021-11-14,2022-11-30,Yes,4
412,Employee_412,Sales,Sales Executive,68295,2022-04-24,,No,2
413,Employee_413,HR,HR Executive,99672,2020-06-27,,No,2
414,Employee_414,Marketing,Content Manager,78014,2020-02-17,2021-03-31,Yes,1
415,Employee_415,HR,HR Manager,97069,2023-11-28,,No,5
416,Employee_416,Finance,Financial Analyst,95195,2022-06-06,,No,5
417,Employee_417,HR,HR Manager,45941,2020-09-03,2021-09-17,Yes,4
418,Employee_418,IT,Data Analyst,106840,2022-05-01,,No,1
419,Employee_419,Finance,Financial Analyst,36308,2020-11-14,2021-10-20,Yes,5
420,Employee_420,IT,Data Analyst,84755,2022-02-13,,No,5
421,Employee_421,IT,Backend Developer,109493,2023-12-28,2024-12-16,Yes,4
422,Employee_422,Marketing,Content Manager,109722,2024-01-02,2025-02-15,Yes,3
423,Employee_423,Finance,Accountant,70855,2023-01-16,,No,5
424,Employee_424,Finance,Financial Analyst,49648,2022-03-05,2023-12-28,Yes,5
425,Employee_425,Finance,Accountant,44430,2022-02-10,,No,5
426,Employee_426,Marketing,Content Manager,99142,2023-08-26,2025-04-22,Yes,5
427,Employee_427,Sales,Sales Executive,106445,2020-06-24,,No,2
428,Employee_428,Finance,Accountant,46110,2023-07-01,2025-07-31,Yes,1
429,Employee_429,IT,Data Engineer,46773,2023-06-02,2025-01-14,Yes,4
430,Employee_430,Sales,Sales Manager,112464,2023-12-19,2024-07-17,Yes,5
431,Employee_431,Marketing,SEO Specialist,77155,2020-01-20,,No,3
432,Employee_432,Marketing,SEO Specialist,107787,2020-06-14,,No,2
433,Employee_433,IT,Data Engineer,39235,2021-11-30,,No,5
434,Employee_434,IT,Data Engineer,68055,2020-06-27,2022-07-10,Yes,3
435,Employee_435,Finance,Accountant,65331,2022-12-09,,No,2
436,Employee_436,HR,HR Manager,62145,2022-08-12,2024-05-17,Yes,1
437,Employee_437,Sales,Sales Executive,91845,2022-04-22,2022-08-26,Yes,5
438,Employee_438,Marketing,SEO Specialist,38345,2021-07-28,,No,5
439,Employee_439,HR,HR Manager,45557,2021-09-22,,No,2
440,Employee_440,IT,Data Analyst,95268,2020-02-27,,No,5
441,Employee_441,Marketing,SEO Specialist,50481,2023-01-13,,No,1
442,Employee_442,Finance,Financial Analyst,48179,2020-10-19,2022-09-14,Yes,3
443,Employee_443,Sales,Sales Manager,40152,2021-06-14,,No,4
444,Employee_444,Finance,Accountant,99421,2020-07-24,2022-07-29,Yes,3
445,Employee_445,Finance,Financial Analyst,118426,2022-01-16,,No,2
446,Employee_446,Finance,Accountant,61969,2023-04-26,,No,3
447,Employee_447,Finance,Financial Analyst,60932,2022-06-03,2024-04-02,Yes,4
448,Employee_448,IT,Backend Developer,51827,2022-07-09,2023-06-09,Yes,5
449,Employee_449,Sales,Sales Manager,113055,2023-12-29,,No,4
450,Employee_450,IT,Backend Developer,96103,2022-05-12,2022-09-19,Yes,5
451,Employee_451,IT,Data Analyst,64731,2023-02-25,,No,5
452,Employee_452,Sales,Sales Manager,37874,2022-07-31,,No,3
453,Employee_453,Finance,Accountant,119280,2021-02-14,,No,1
454,Employee_454,IT,Data Engineer,64296,2020-02-23,2021-02-09,Yes,4
455,Employee_455,IT,Backend Developer,117742,2023-12-19,,No,4
456,Employee_456,Finance,Financial Analyst,52620,2022-04-29,2024-02-05,Yes,5
457,Employee_457,Finance,Accountant,81784,2023-01-19,,No,3
458,Employee_458,HR,HR Manager,56019,2022-06-04,2024-08-04,Yes,1
459,Employee_459,Finance,Financial Analyst,101837,2021-12-21,2023-08-17,Yes,3
460,Employee_460,Sales,Sales Manager,111908,2022-08-13,2023-07-07,Yes,4
461,Employee_461,IT,Data Engineer,71727,2023-01-14,2023-05-13,Yes,4
462,Employee_462,HR,HR Manager,61172,2022-02-25,,No,4
463,Employee_463,IT,Data Analyst,58604,2020-01-24,,No,2
464,Employee_464,Sales,Sales Executive,83727,2023-06-03,2024-07-27,Yes,5
465,Employee_465,HR,HR Executive,109137,2021-08-20,,No,4
466,Employee_466,IT,Data Analyst,81500,2022-10-15,,No,5
467,Employee_467,Marketing,SEO Specialist,52299,2020-03-05,2021-06-16,Yes,5
468,Employee_468,Finance,Financial Analyst,99558,2022-11-16,2023-03-18,Yes,1
469,Employee_469,HR,HR Executive,81798,2021-03-06,,No,5
470,Employee_470,IT,Data Analyst,68417,2021-12-10,,No,2
471,Employee_471,IT,Backend Developer,96938,2022-07-21,2023-04-06,Yes,1
472,Employee_472,Sales,Sales Manager,42816,2023-02-15,2025-03-13,Yes,1
473,Employee_473,Sales,Sales Executive,62500,2021-05-10,2023-02-16,Yes,5
474,Employee_474,HR,HR Executive,105932,2024-01-23,,No,5
475,Employee_475,Finance,Financial Analyst,44823,2021-05-03,,No,5
476,Employee_476,Finance,Accountant,73381,2023-02-22,2024-08-08,Yes,3
477,Employee_477,Marketing,SEO Specialist,106240,2022-11-20,2023-12-05,Yes,1
478,Employee_478,HR,HR Executive,55342,2023-03-28,2025-02-27,Yes,5
479,Employee_479,HR,HR Manager,111782,2021-04-30,2022-04-30,Yes,3
480,Employee_480,Sales,Sales Manager,78315,2023-09-08,,No,5
481,Employee_481,IT,Backend Developer,96848,2023-09-07,,No,2
482,Employee_482,Sales,Sales Executive,113943,2020-08-05,2022-01-28,Yes,4
483,Employee_483,Sales,Sales Manager,98982,2020-03-07,,No,4
484,Employee_484,Finance,Financial Analyst,109224,2022-04-07,2023-09-21,Yes,5
485,Employee_485,Finance,Accountant,96369,2023-06-30,,No,2
486,Employee_486,Marketing,Content Manager,61592,2020-11-24,2023-01-08,Yes,1
487,Employee_487,HR,HR Manager,73554,2022-09-19,,No,3
488,Employee_488,HR,HR Executive,43921,2021-09-09,2022-06-25,Yes,1
489,Employee_489,Marketing,Content Manager,71339,2023-06-25,,No,3
490,Employee_490,IT,Data Engineer,62591,2021-05-29,2022-04-23,Yes,5
491,Employee_491,HR,HR Executive,72893,2021-11-22,2022-03-03,Yes,3
492,Employee_492,HR,HR Manager,92130,2022-03-01,2023-05-06,Yes,1
493,Employee_493,Finance,Accountant,66073,2022-11-03,,No,4
494,Employee_494,HR,HR Manager,57942,2023-05-21,2024-03-08,Yes,2
495,Employee_495,IT,Backend Developer,81787,2021-07-30,,No,5
496,Employee_496,Marketing,Content Manager,118792,2023-10-29,,No,5
497,Employee_497,Sales,Sales Executive,38535,2022-04-29,,No,4
498,Employee_498,IT,Data Engineer,64190,2021-05-16,2023-05-01,Yes,4
499,Employee_499,Finance,Financial Analyst,117425,2021-11-04,2023-06-03,Yes,3
500,Employee_500,IT,Data Analyst,90718,2020-11-01,2022-07-26,Yes,4
501,Employee_501,HR,HR Manager,83722,2022-12-25,,No,3
502,Employee_502,IT,Data Analyst,61725,2020-11-18,,No,3
503,Employee_503,HR,HR Manager,106272,2021-02-14,2022-01-02,Yes,2
504,Employee_504,Finance,Accountant,119407,2022-09-27,2024-04-22,Yes,1
505,Employee_505,Marketing,Content Manager,57664,2023-05-11,,No,3
506,Employee_506,Sales,Sales Executive,42866,2023-05-11,,No,4
507,Employee_507,Sales,Sales Manager,64471,2023-11-18,,No,1
508,Employee_508,Finance,Accountant,75295,2023-03-26,2023-09-16,Yes,3
509,Employee_509,HR,HR Executive,100278,2022-05-25,,No,5
510,Employee_510,Sales,Sales Executive,73459,2021-12-16,2022-06-30,Yes,3
511,Employee_511,Sales,Sales Executive,65590,2022-05-01,,No,4
512,Employee_512,Finance,Accountant,114069,2023-11-18,2024-04-03,Yes,2
513,Employee_513,IT,Backend Developer,97559,2021-02-11,2022-09-30,Yes,4
514,Employee_514,HR,HR Manager,92065,2022-07-03,,No,2
515,Employee_515,IT,Data Analyst,42762,2020-05-02,,No,5
516,Employee_516,Finance,Financial Analyst,74964,2021-02-16,2023-01-29,Yes,2
517,Employee_517,HR,HR Manager,82478,2021-08-13,,No,1
518,Employee_518,Finance,Financial Analyst,99566,2020-12-18,2022-02-01,Yes,5
519,Employee_519,Finance,Accountant,71497,2022-10-31,,No,5
520,Employee_520,Marketing,Content Manager,52551,2022-10-14,2023-08-08,Yes,4
521,Employee_521,Sales,Sales Executive,53033,2022-12-09,,No,4
522,Employee_522,Sales,Sales Manager,34367,2020-10-20,,No,1
523,Employee_523,Finance,Financial Analyst,52677,2023-01-20,,No,2
524,Employee_524,IT,Data Analyst,96765,2021-11-02,,No,2
525,Employee_525,Marketing,Content Manager,100623,2022-10-21,,No,1
526,Employee_526,HR,HR Manager,98284,2021-05-06,2023-04-17,Yes,4
527,Employee_527,HR,HR Manager,88890,2020-01-11,2021-01-08,Yes,3
528,Employee_528,Finance,Accountant,119640,2020-01-10,2021-04-22,Yes,2
529,Employee_529,Sales,Sales Executive,63373,2021-07-12,,No,4
530,Employee_530,Marketing,SEO Specialist,115407,2021-09-10,,No,1
531,Employee_531,IT,Data Engineer,75423,2021-06-19,2023-06-15,Yes,2
532,Employee_532,Marketing,SEO Specialist,85208,2022-12-17,2024-08-04,Yes,5
533,Employee_533,Finance,Financial Analyst,53424,2023-09-10,,No,5
534,Employee_534,Marketing,Content Manager,116905,2021-03-21,2023-05-27,Yes,3
535,Employee_535,Marketing,Content Manager,83380,2023-09-23,2025-06-12,Yes,4
536,Employee_536,IT,Data Analyst,37230,2020-02-22,2020-09-11,Yes,4
537,Employee_537,Marketing,Content Manager,87492,2020-08-12,,No,5
538,Employee_538,HR,HR Manager,39997,2021-10-04,,No,2
539,Employee_539,HR,HR Executive,69864,2022-01-20,,No,4
540,Employee_540,HR,HR Executive,50972,2021-08-16,,No,1
541,Employee_541,Finance,Accountant,102274,2023-04-04,,No,4
542,Employee_542,IT,Data Analyst,96525,2023-06-29,,No,3
543,Employee_543,IT,Backend Developer,99627,2020-11-12,,No,5
544,Employee_544,HR,HR Executive,103690,2021-07-03,2023-09-03,Yes,2
545,Employee_545,Finance,Financial Analyst,95747,2022-05-26,,No,2
546,Employee_546,IT,Data Analyst,107498,2020-11-13,,No,5
547,Employee_547,Sales,Sales Manager,62815,2023-02-13,2025-02-15,Yes,3
548,Employee_548,Finance,Financial Analyst,101591,2022-08-15,2023-05-19,Yes,2
549,Employee_549,Finance,Accountant,58337,2021-01-04,,No,5
550,Employee_550,HR,HR Manager,77316,2023-11-20,2024-11-09,Yes,2
551,Employee_551,HR,HR Executive,33888,2022-01-13,2022-11-11,Yes,3
552,Employee_552,Marketing,SEO Specialist,42389,2020-08-16,,No,4
553,Employee_553,Sales,Sales Manager,55972,2022-07-27,2024-03-03,Yes,5
554,Employee_554,IT,Backend Developer,49469,2023-07-27,,No,3
555,Employee_555,IT,Backend Developer,119702,2022-08-29,2024-09-21,Yes,3
556,Employee_556,Finance,Financial Analyst,118432,2023-10-16,2024-08-18,Yes,4
557,Employee_557,Finance,Accountant,49123,2021-02-19,,No,3
558,Employee_558,Finance,Financial Analyst,54416,2020-01-24,2020-12-12,Yes,3
559,Employee_559,Sales,Sales Manager,60007,2021-05-25,2022-06-09,Yes,2
560,Employee_560,HR,HR Executive,72491,2021-06-14,,No,4
561,Employee_561,Finance,Accountant,31647,2023-06-20,,No,3
562,Employee_562,HR,HR Manager,113951,2022-02-23,,No,1
563,Employee_563,Marketing,SEO Specialist,37775,2021-02-08,2023-03-27,Yes,1
564,Employee_564,Sales,Sales Executive,36073,2022-11-23,2023-04-11,Yes,5
565,Employee_565,HR,HR Manager,46984,2022-01-11,2023-03-16,Yes,1
566,Employee_566,Finance,Financial Analyst,111527,2023-06-24,2025-06-11,Yes,1
567,Employee_567,Marketing,SEO Specialist,33252,2022-12-30,2024-07-26,Yes,5
568,Employee_568,Sales,Sales Manager,84730,2023-12-24,,No,3
569,Employee_569,Finance,Financial Analyst,111631,2023-02-18,,No,5
570,Employee_570,HR,HR Manager,89792,2022-12-15,2023-10-03,Yes,1
571,Employee_571,Sales,Sales Executive,106575,2020-05-12,2021-04-22,Yes,2
572,Employee_572,IT,Data Analyst,59150,2021-06-19,2023-03-13,Yes,2
573,Employee_573,HR,HR Executive,103875,2020-03-26,2022-04-16,Yes,1
574,Employee_574,IT,Data Analyst,50331,2022-04-14,2023-04-03,Yes,1
575,Employee_575,Finance,Financial Analyst,44384,2022-09-12,2024-04-12,Yes,4
576,Employee_576,IT,Backend Developer,117492,2022-09-09,2024-01-03,Yes,5
577,Employee_577,IT,Data Analyst,30627,2023-08-13,2025-03-16,Yes,1
578,Employee_578,Marketing,SEO Specialist,39545,2022-08-25,2024-02-07,Yes,4
579,Employee_579,IT,Data Analyst,40834,2021-10-09,,No,2
580,Employee_580,HR,HR Manager,69877,2020-12-03,2021-08-07,Yes,3
581,Employee_581,HR,HR Manager,88151,2022-04-24,,No,3
582,Employee_582,Finance,Accountant,79974,2023-10-09,2025-03-22,Yes,2
583,Employee_583,IT,Data Engineer,97607,2021-12-29,2023-04-27,Yes,5
584,Employee_584,Sales,Sales Manager,116252,2022-11-10,,No,3
585,Employee_585,Sales,Sales Executive,75765,2024-02-06,2025-11-20,Yes,2
586,Employee_586,Marketing,SEO Specialist,116674,2021-02-28,2021-08-01,Yes,5
587,Employee_587,Marketing,SEO Specialist,66773,2023-01-09,,No,3
588,Employee_588,Marketing,Content Manager,71179,2023-08-27,,No,1
589,Employee_589,Marketing,Content Manager,94545,2022-05-18,2024-04-14,Yes,5
590,Employee_590,Sales,Sales Manager,119304,2023-01-10,,No,1
591,Employee_591,Marketing,Content Manager,87115,2021-04-17,,No,2
592,Employee_592,IT,Data Analyst,41410,2023-03-02,,No,4
593,Employee_593,Marketing,Content Manager,64577,2020-11-09,2021-03-06,Yes,2
594,Employee_594,Sales,Sales Executive,91790,2021-02-23,,No,5
595,Employee_595,HR,HR Manager,106620,2023-12-10,2025-06-19,Yes,2
596,Employee_596,Sales,Sales Executive,96447,2023-08-18,2025-06-16,Yes,1
597,Employee_597,IT,Data Analyst,33566,2023-08-25,2025-09-01,Yes,4
598,Employee_598,Finance,Accountant,70239,2023-11-09,2025-03-25,Yes,2
599,Employee_599,Marketing,Content Manager,30459,2023-07-18,,No,1
600,Employee_600,Finance,Accountant,64743,2022-05-02,,No,3
601,Employee_601,Marketing,SEO Specialist,119792,2020-02-16,2020-06-15,Yes,5
602,Employee_602,IT,Backend Developer,117614,2021-08-30,2022-04-21,Yes,1
603,Employee_603,IT,Data Analyst,91565,2023-06-13,,No,5
604,Employee_604,Marketing,SEO Specialist,86572,2023-08-22,2025-07-22,Yes,4
605,Employee_605,HR,HR Executive,89614,2021-06-05,2023-06-24,Yes,2
606,Employee_606,Finance,Accountant,52495,2023-12-04,2024-08-07,Yes,4
607,Employee_607,Marketing,SEO Specialist,113966,2020-04-18,2021-11-04,Yes,3
608,Employee_608,Marketing,SEO Specialist,96968,2022-05-18,,No,5
609,Employee_609,Marketing,Content Manager,102057,2020-05-02,2021-10-05,Yes,2
610,Employee_610,HR,HR Manager,63777,2021-07-26,,No,1
611,Employee_611,Finance,Financial Analyst,106382,2021-09-01,,No,2
612,Employee_612,HR,HR Manager,96832,2023-12-14,2025-12-23,Yes,2
613,Employee_613,HR,HR Manager,36929,2021-08-12,,No,2
614,Employee_614,Marketing,Content Manager,31986,2021-12-13,2022-10-30,Yes,1
615,Employee_615,Sales,Sales Manager,64413,2023-01-15,2024-06-18,Yes,4
616,Employee_616,IT,Data Analyst,86341,2022-02-21,,No,5
617,Employee_617,HR,HR Manager,98132,2023-10-31,,No,2
618,Employee_618,Finance,Accountant,62893,2023-06-24,,No,1
619,Employee_619,HR,HR Manager,110336,2023-03-21,,No,3
620,Employee_620,Marketing,Content Manager,107114,2023-08-30,2025-10-06,Yes,3
621,Employee_621,Sales,Sales Manager,55856,2021-02-21,2022-06-06,Yes,1
622,Employee_622,Marketing,Content Manager,40779,2020-07-06,2022-07-13,Yes,4
623,Employee_623,Sales,Sales Manager,70101,2021-04-04,2021-07-20,Yes,1
624,Employee_624,IT,Data Engineer,64166,2022-04-10,,No,5
625,Employee_625,Sales,Sales Manager,91004,2022-05-02,2023-10-31,Yes,1
626,Employee_626,Sales,Sales Executive,103469,2020-12-16,2022-12-07,Yes,4
627,Employee_627,Sales,Sales Executive,40587,2023-10-26,,No,3
628,Employee_628,IT,Data Analyst,118407,2023-08-06,,No,2
629,Employee_629,Finance,Accountant,97826,2023-09-08,,No,5
630,Employee_630,Sales,Sales Executive,39656,2022-05-13,2022-12-21,Yes,1
631,Employee_631,Marketing,SEO Specialist,76883,2024-01-14,,No,1
632,Employee_632,Sales,Sales Manager,61930,2023-02-24,2023-06-14,Yes,3
633,Employee_633,Finance,Accountant,56844,2023-12-17,,No,3
634,Employee_634,Finance,Financial Analyst,105918,2022-09-27,2023-09-20,Yes,5
635,Employee_635,Finance,Financial Analyst,91546,2020-11-09,,No,5
636,Employee_636,HR,HR Executive,59108,2022-10-01,,No,4
637,Employee_637,Finance,Financial Analyst,106750,2020-01-09,2021-11-21,Yes,2
638,Employee_638,HR,HR Executive,49371,2020-07-21,,No,4
639,Employee_639,IT,Data Analyst,37899,2022-08-31,2023-05-16,Yes,1
640,Employee_640,Finance,Financial Analyst,93133,2022-09-23,2024-03-17,Yes,5
641,Employee_641,Marketing,SEO Specialist,30619,2020-09-14,,No,1
642,Employee_642,HR,HR Executive,72190,2022-02-28,2022-06-26,Yes,2
643,Employee_643,IT,Data Analyst,54158,2020-09-25,2022-04-22,Yes,4
644,Employee_644,Sales,Sales Executive,93840,2020-12-26,,No,1
645,Employee_645,IT,Data Engineer,98146,2023-07-14,2024-01-16,Yes,1
646,Employee_646,Sales,Sales Manager,91461,2020-05-29,2020-09-30,Yes,5
647,Employee_647,Finance,Financial Analyst,92230,2023-04-30,2024-04-14,Yes,3
648,Employee_648,HR,HR Manager,101375,2023-07-26,,No,1
649,Employee_649,Marketing,SEO Specialist,64723,2021-02-02,2021-10-28,Yes,2
650,Employee_650,Finance,Financial Analyst,51991,2023-11-16,,No,2
651,Employee_651,Sales,Sales Manager,33215,2021-10-12,,No,4
652,Employee_652,IT,Backend Developer,87719,2023-07-31,2024-12-12,Yes,4
653,Employee_653,Sales,Sales Executive,69892,2023-01-20,,No,3
654,Employee_654,Sales,Sales Manager,69312,2023-05-02,,No,3
655,Employee_655,Finance,Financial Analyst,30437,2023-03-15,,No,1
656,Employee_656,HR,HR Executive,66765,2021-11-12,,No,2
657,Employee_657,Marketing,Content Manager,41533,2024-01-26,2025-10-31,Yes,4
658,Employee_658,Finance,Accountant,47167,2020-01-16,,No,3
659,Employee_659,HR,HR Manager,34561,2020-02-26,,No,2
660,Employee_660,IT,Backend Developer,79743,2021-06-26,2022-01-01,Yes,2
661,Employee_661,Marketing,Content Manager,80534,2023-11-22,,No,3
662,Employee_662,Finance,Accountant,63693,2023-04-29,2024-04-18,Yes,5
663,Employee_663,Finance,Accountant,68465,2021-01-21,2021-09-11,Yes,4
664,Employee_664,Finance,Financial Analyst,78000,2022-10-02,2023-10-04,Yes,3
665,Employee_665,Finance,Financial Analyst,87685,2020-06-23,,No,1
666,Employee_666,Sales,Sales Executive,79769,2020-05-27,,No,3
667,Employee_667,Sales,Sales Manager,103888,2020-01-04,,No,1
668,Employee_668,HR,HR Manager,68918,2020-05-25,,No,5
669,Employee_669,Sales,Sales Manager,36257,2024-01-21,2024-06-11,Yes,4
670,Employee_670,IT,Backend Developer,81380,2021-01-04,,No,1
671,Employee_671,HR,HR Executive,73969,2022-07-16,2022-12-29,Yes,1
672,Employee_672,IT,Backend Developer,84636,2021-10-08,,No,3
673,Employee_673,Sales,Sales Manager,40790,2023-07-14,2025-02-10,Yes,5
674,Employee_674,Finance,Accountant,73273,2021-04-04,,No,3
675,Employee_675,IT,Data Analyst,92767,2021-09-09,,No,3
676,Employee_676,HR,HR Executive,101278,2023-04-24,,No,2
677,Employee_677,IT,Data Engineer,34574,2022-03-17,,No,1
678,Employee_678,Sales,Sales Executive,60128,2023-07-30,2025-03-05,Yes,2
679,Employee_679,Marketing,Content Manager,107315,2022-12-14,2023-11-21,Yes,3
680,Employee_680,HR,HR Manager,77947,2022-08-03,2023-01-09,Yes,1
681,Employee_681,Marketing,Content Manager,68846,2021-05-05,2022-07-18,Yes,1
682,Employee_682,Marketing,Content Manager,35655,2020-06-04,2022-07-03,Yes,3
683,Employee_683,Marketing,Content Manager,55457,2021-05-22,,No,4
684,Employee_684,HR,HR Manager,99504,2023-06-25,2025-07-13,Yes,4
685,Employee_685,Marketing,SEO Specialist,97067,2020-02-15,,No,5
686,Employee_686,IT,Data Engineer,79672,2020-07-11,,No,2
687,Employee_687,Sales,Sales Manager,104460,2020-09-25,,No,3
688,Employee_688,IT,Backend Developer,77282,2022-09-08,,No,3
689,Employee_689,Marketing,Content Manager,105017,2020-10-25,,No,4
690,Employee_690,HR,HR Executive,108513,2021-03-01,2023-02-14,Yes,2
691,Employee_691,Marketing,SEO Specialist,33368,2023-03-09,,No,3
692,Employee_692,HR,HR Manager,99832,2024-01-02,2026-01-09,Yes,1
693,Employee_693,Finance,Accountant,47148,2021-08-24,,No,2
694,Employee_694,HR,HR Manager,81684,2021-06-10,2021-10-04,Yes,2
695,Employee_695,Marketing,SEO Specialist,109846,2023-11-06,,No,4
696,Employee_696,Finance,Accountant,107817,2022-12-23,,No,3
697,Employee_697,Finance,Financial Analyst,37066,2021-12-06,2024-01-24,Yes,1
698,Employee_698,Finance,Accountant,35712,2021-05-16,2021-12-01,Yes,5
699,Employee_699,Sales,Sales Manager,112675,2020-06-24,2022-08-31,Yes,4
700,Employee_700,Marketing,Content Manager,51588,2021-09-21,2023-07-19,Yes,2
701,Employee_701,HR,HR Executive,107120,2022-03-13,,No,4
702,Employee_702,Sales,Sales Manager,97179,2023-09-12,2025-10-13,Yes,3
703,Employee_703,IT,Data Engineer,83371,2021-10-02,,No,3
704,Employee_704,HR,HR Executive,44937,2020-10-22,,No,2
705,Employee_705,Marketing,Content Manager,79933,2021-08-24,2022-06-27,Yes,1
706,Employee_706,HR,HR Manager,40915,2022-06-13,,No,2
707,Employee_707,Finance,Accountant,112084,2022-03-27,2023-11-21,Yes,3
708,Employee_708,Finance,Accountant,97945,2020-05-14,,No,1
709,Employee_709,Sales,Sales Executive,60381,2023-03-14,,No,2
710,Employee_710,HR,HR Executive,105530,2021-11-15,,No,2
711,Employee_711,Sales,Sales Executive,52454,2020-04-16,,No,3
712,Employee_712,HR,HR Executive,40879,2023-10-11,,No,2
713,Employee_713,Finance,Financial Analyst,93706,2022-08-20,,No,2
714,Employee_714,Finance,Accountant,100806,2020-04-07,2022-02-06,Yes,1
715,Employee_715,Marketing,SEO Specialist,50693,2022-10-03,,No,4
716,Employee_716,Sales,Sales Manager,114673,2020-04-13,2021-12-03,Yes,3
717,Employee_717,Finance,Accountant,33542,2023-12-29,,No,1
718,Employee_718,HR,HR Executive,96048,2022-11-25,2024-03-26,Yes,4
719,Employee_719,IT,Data Engineer,111676,2022-06-02,,No,1
720,Employee_720,Marketing,SEO Specialist,39075,2021-08-12,2022-11-19,Yes,4
721,Employee_721,Marketing,Content Manager,99308,2023-11-02,,No,5
722,Employee_722,HR,HR Manager,33266,2022-10-20,2024-05-18,Yes,5
723,Employee_723,Finance,Accountant,82475,2020-01-17,,No,5
724,Employee_724,IT,Data Engineer,32022,2020-02-04,,No,3
725,Employee_725,HR,HR Executive,100818,2021-07-06,,No,5
726,Employee_726,IT,Data Engineer,78053,2022-07-21,,No,3
727,Employee_727,HR,HR Executive,82527,2021-06-17,2022-03-04,Yes,1
728,Employee_728,IT,Backend Developer,50222,2023-12-03,,No,4
729,Employee_729,HR,HR Manager,60288,2020-05-24,,No,2
730,Employee_730,HR,HR Manager,34675,2023-06-25,,No,3
731,Employee_731,Sales,Sales Executive,69705,2023-06-25,2024-09-24,Yes,5
732,Employee_732,Sales,Sales Manager,96285,2020-03-04,2021-04-27,Yes,3
733,Employee_733,Finance,Accountant,74857,2020-08-20,,No,2
734,Employee_734,Marketing,Content Manager,49330,2023-03-16,2024-04-13,Yes,2
735,Employee_735,Finance,Accountant,46072,2021-07-15,,No,3
736,Employee_736,Sales,Sales Manager,90325,2023-08-08,2025-05-17,Yes,1
737,Employee_737,Marketing,SEO Specialist,113321,2023-12-08,,No,5
738,Employee_738,Finance,Financial Analyst,35885,2021-04-28,,No,2
739,Employee_739,Marketing,SEO Specialist,75842,2022-10-27,,No,4
740,Employee_740,Marketing,Content Manager,48645,2022-01-12,2023-08-18,Yes,3
741,Employee_741,Sales,Sales Executive,38959,2022-03-20,,No,2
742,Employee_742,Marketing,Content Manager,33302,2020-06-18,,No,4
743,Employee_743,Sales,Sales Executive,93453,2023-07-06,2023-11-13,Yes,1
744,Employee_744,Marketing,Content Manager,96183,2021-05-11,,No,3
745,Employee_745,IT,Data Analyst,89356,2022-10-08,,No,1
746,Employee_746,HR,HR Manager,52703,2022-12-08,2024-01-05,Yes,4
747,Employee_747,Finance,Accountant,64249,2022-01-25,2023-06-05,Yes,3
748,Employee_748,IT,Data Analyst,58234,2023-02-26,,No,4
749,Employee_749,Finance,Accountant,97860,2022-05-22,,No,3
750,Employee_750,Finance,Financial Analyst,67521,2020-10-21,,No,3
751,Employee_751,HR,HR Manager,68790,2023-10-28,,No,3
752,Employee_752,IT,Data Engineer,45463,2024-01-17,2024-09-08,Yes,4
753,Employee_753,Finance,Financial Analyst,44535,2023-09-30,2024-01-26,Yes,3
754,Employee_754,Finance,Financial Analyst,67057,2021-02-10,2021-07-13,Yes,1
755,Employee_755,IT,Data Analyst,68844,2021-03-19,2023-01-05,Yes,2
756,Employee_756,HR,HR Executive,36865,2022-10-11,2023-06-28,Yes,5
757,Employee_757,Sales,Sales Manager,44348,2024-01-15,,No,2
758,Employee_758,Finance,Financial Analyst,40556,2023-11-19,2024-04-01,Yes,4
759,Employee_759,Finance,Accountant,80550,2020-03-22,2020-09-03,Yes,3
760,Employee_760,IT,Backend Developer,86312,2020-09-16,,No,4
761,Employee_761,Finance,Financial Analyst,63948,2020-10-17,2022-04-20,Yes,4
762,Employee_762,Finance,Accountant,91291,2023-07-05,,No,1
763,Employee_763,Sales,Sales Manager,54203,2020-03-01,,No,2
764,Employee_764,Finance,Financial Analyst,91323,2023-04-09,,No,4
765,Employee_765,Marketing,Content Manager,79215,2020-05-12,2021-02-25,Yes,5
766,Employee_766,IT,Backend Developer,94440,2023-08-17,2025-04-24,Yes,5
767,Employee_767,HR,HR Manager,74105,2022-10-28,,No,3
768,Employee_768,Marketing,Content Manager,60009,2021-07-12,2022-08-19,Yes,2
769,Employee_769,Sales,Sales Executive,71952,2022-01-26,2023-03-29,Yes,4
770,Employee_770,IT,Backend Developer,91108,2022-06-29,2023-03-22,Yes,4
771,Employee_771,HR,HR Executive,108805,2023-02-21,,No,2
772,Employee_772,HR,HR Executive,31869,2022-11-02,,No,5
773,Employee_773,IT,Data Analyst,68000,2023-02-11,2024-01-10,Yes,4
774,Employee_774,HR,HR Manager,96863,2023-02-14,,No,1
775,Employee_775,Sales,Sales Manager,80611,2021-12-26,2023-08-17,Yes,3
776,Employee_776,Finance,Accountant,95926,2022-07-07,2023-03-10,Yes,1
777,Employee_777,HR,HR Manager,115295,2020-12-27,2022-06-12,Yes,3
778,Employee_778,HR,HR Manager,48259,2022-02-19,,No,3
779,Employee_779,Marketing,SEO Specialist,117862,2022-03-13,2022-09-18,Yes,3
780,Employee_780,Marketing,Content Manager,61078,2021-10-24,,No,3
781,Employee_781,IT,Data Engineer,110698,2021-05-19,2021-12-25,Yes,2
782,Employee_782,HR,HR Executive,65269,2022-04-09,2024-04-23,Yes,2
783,Employee_783,HR,HR Manager,73269,2020-12-16,2021-04-02,Yes,5
784,Employee_784,IT,Backend Developer,33529,2022-12-19,2024-05-29,Yes,1
785,Employee_785,Marketing,Content Manager,105432,2021-12-16,2022-08-30,Yes,3
786,Employee_786,Finance,Financial Analyst,102417,2021-01-09,,No,1
787,Employee_787,Sales,Sales Manager,84034,2021-02-13,,No,3
788,Employee_788,IT,Data Engineer,105345,2024-01-31,,No,5
789,Employee_789,Finance,Accountant,106063,2020-04-06,,No,2
790,Employee_790,Sales,Sales Executive,107991,2022-05-11,2023-09-30,Yes,3
791,Employee_791,IT,Data Analyst,107007,2021-07-08,,No,3
792,Employee_792,Marketing,SEO Specialist,117856,2020-05-14,2021-06-14,Yes,4
793,Employee_793,HR,HR Executive,108155,2021-07-22,2022-07-29,Yes,5
794,Employee_794,Sales,Sales Manager,96326,2023-05-22,2024-08-30,Yes,5
795,Employee_795,IT,Data Engineer,79422,2021-08-10,2022-01-04,Yes,5
796,Employee_796,Finance,Financial Analyst,55624,2023-02-03,2024-11-25,Yes,4
797,Employee_797,HR,HR Manager,75627,2021-03-30,2022-05-13,Yes,3
798,Employee_798,Sales,Sales Manager,110515,2021-09-03,,No,5
799,Employee_799,Sales,Sales Executive,60727,2021-11-15,2023-01-16,Yes,4
800,Employee_800,Marketing,Content Manager,80046,2022-02-19,2022-11-24,Yes,1
801,Employee_801,Sales,Sales Executive,118599,2023-06-14,,No,5
802,Employee_802,Sales,Sales Manager,111760,2021-11-02,,No,4
803,Employee_803,HR,HR Executive,53738,2022-04-07,2023-12-18,Yes,3
804,Employee_804,Finance,Accountant,47331,2023-12-28,2024-08-17,Yes,5
805,Employee_805,Sales,Sales Executive,48052,2022-08-23,,No,4
806,Employee_806,Marketing,Content Manager,82592,2022-02-18,,No,5
807,Employee_807,IT,Data Analyst,117639,2023-07-31,,No,4
808,Employee_808,Marketing,Content Manager,111265,2021-12-20,2023-02-27,Yes,5
809,Employee_809,Marketing,Content Manager,101857,2023-11-15,,No,2
810,Employee_810,Sales,Sales Executive,109487,2023-08-28,,No,1
811,Employee_811,HR,HR Executive,52269,2021-12-15,,No,1
812,Employee_812,Finance,Accountant,34098,2023-08-14,2024-11-14,Yes,5
813,Employee_813,Sales,Sales Manager,49855,2021-07-21,2021-11-26,Yes,5
814,Employee_814,Finance,Accountant,80980,2020-05-01,,No,4
815,Employee_815,HR,HR Manager,118277,2021-10-03,2022-04-07,Yes,1
816,Employee_816,Finance,Accountant,94996,2024-01-18,,No,5
817,Employee_817,Marketing,SEO Specialist,118407,2022-05-12,,No,1
818,Employee_818,Marketing,SEO Specialist,111806,2021-07-04,2023-04-17,Yes,2
819,Employee_819,IT,Backend Developer,37726,2022-05-01,2023-06-09,Yes,5
820,Employee_820,Marketing,SEO Specialist,72560,2022-12-05,2023-06-11,Yes,1
821,Employee_821,Marketing,SEO Specialist,32083,2022-04-10,2023-03-27,Yes,1
822,Employee_822,IT,Backend Developer,110023,2023-05-03,2024-05-07,Yes,1
823,Employee_823,Sales,Sales Manager,54946,2023-07-22,2025-01-03,Yes,2
824,Employee_824,HR,HR Manager,62304,2023-04-19,2025-01-07,Yes,5
825,Employee_825,Sales,Sales Manager,81007,2021-09-15,,No,3
826,Employee_826,Sales,Sales Manager,111655,2022-09-24,2024-11-25,Yes,1
827,Employee_827,HR,HR Manager,48272,2022-10-26,,No,1
828,Employee_828,Finance,Financial Analyst,43772,2021-10-15,,No,3
829,Employee_829,IT,Backend Developer,57943,2022-11-26,2023-07-17,Yes,2
830,Employee_830,Marketing,Content Manager,87201,2023-10-02,2025-05-06,Yes,2
831,Employee_831,HR,HR Manager,105612,2023-04-24,2024-07-30,Yes,1
832,Employee_832,Sales,Sales Manager,52137,2022-04-21,2023-01-28,Yes,1
833,Employee_833,IT,Data Analyst,90480,2022-12-03,,No,3
834,Employee_834,Marketing,Content Manager,54914,2023-11-16,,No,4
835,Employee_835,IT,Data Analyst,77773,2020-07-14,,No,5
836,Employee_836,Marketing,Content Manager,76974,2021-08-26,2022-08-16,Yes,4
837,Employee_837,HR,HR Executive,69627,2023-09-05,,No,5
838,Employee_838,Sales,Sales Manager,81822,2021-03-18,2022-06-10,Yes,5
839,Employee_839,IT,Data Analyst,36300,2023-06-29,,No,2
840,Employee_840,Marketing,SEO Specialist,99175,2020-07-25,,No,2
841,Employee_841,Finance,Accountant,105290,2023-05-18,,No,4
842,Employee_842,Sales,Sales Manager,100858,2023-12-18,,No,4
843,Employee_843,Marketing,Content Manager,51795,2020-07-08,,No,2
844,Employee_844,IT,Data Analyst,46851,2022-02-24,2022-11-06,Yes,3
845,Employee_845,IT,Data Engineer,53498,2022-12-12,2023-11-01,Yes,1
846,Employee_846,Finance,Financial Analyst,104437,2022-12-24,2024-02-07,Yes,1
847,Employee_847,Sales,Sales Executive,30877,2020-07-09,,No,3
848,Employee_848,IT,Data Analyst,97579,2020-07-12,,No,4
849,Employee_849,Sales,Sales Manager,60086,2022-06-13,,No,2
850,Employee_850,HR,HR Executive,104120,2021-08-01,,No,2
851,Employee_851,HR,HR Executive,98278,2022-03-29,,No,3
852,Employee_852,Sales,Sales Executive,100313,2023-12-02,,No,3
853,Employee_853,Marketing,SEO Specialist,96849,2020-10-18,2021-03-12,Yes,3
854,Employee_854,Marketing,SEO Specialist,59269,2021-04-11,2021-07-24,Yes,4
855,Employee_855,IT,Data Analyst,62955,2020-10-26,,No,3
856,Employee_856,Finance,Accountant,67920,2021-07-17,2023-03-07,Yes,1
857,Employee_857,IT,Data Engineer,72423,2023-09-28,,No,4
858,Employee_858,IT,Data Engineer,45285,2020-08-08,2021-08-16,Yes,5
859,Employee_859,IT,Backend Developer,72466,2022-07-22,2024-08-04,Yes,3
860,Employee_860,IT,Data Analyst,80423,2024-01-28,,No,3
861,Employee_861,Sales,Sales Executive,90589,2023-04-30,,No,2
862,Employee_862,Marketing,SEO Specialist,53591,2024-01-30,,No,3
863,Employee_863,Finance,Accountant,74724,2020-07-25,,No,5
864,Employee_864,Finance,Financial Analyst,57408,2020-09-27,,No,1
865,Employee_865,Finance,Accountant,46094,2022-11-07,,No,2
866,Employee_866,HR,HR Manager,93025,2020-01-05,2020-11-03,Yes,1
867,Employee_867,IT,Data Analyst,112932,2022-09-20,,No,3
868,Employee_868,Marketing,Content Manager,58611,2020-07-22,2022-05-21,Yes,1
869,Employee_869,Sales,Sales Executive,64368,2021-03-21,2022-01-23,Yes,1
870,Employee_870,HR,HR Manager,43349,2020-01-05,2021-04-19,Yes,1
871,Employee_871,Sales,Sales Executive,105497,2023-06-03,2025-02-04,Yes,1
872,Employee_872,Sales,Sales Executive,69792,2021-02-19,2021-10-23,Yes,5
873,Employee_873,Sales,Sales Manager,118597,2020-12-03,,No,4
874,Employee_874,Marketing,Content Manager,83475,2020-03-25,,No,3
875,Employee_875,Marketing,Content Manager,71169,2023-09-15,,No,3
876,Employee_876,Marketing,Content Manager,92191,2021-12-21,2023-12-05,Yes,3
877,Employee_877,Marketing,SEO Specialist,37793,2021-04-11,2022-03-06,Yes,4
878,Employee_878,IT,Data Analyst,37320,2023-04-22,,No,3
879,Employee_879,IT,Backend Developer,46851,2022-05-23,,No,1
880,Employee_880,Sales,Sales Manager,64972,2024-01-14,2024-07-27,Yes,2
881,Employee_881,Sales,Sales Executive,41187,2022-02-26,2023-10-25,Yes,4
882,Employee_882,Sales,Sales Executive,78760,2022-03-04,2023-12-07,Yes,1
883,Employee_883,Finance,Financial Analyst,116942,2021-06-14,,No,5
884,Employee_884,Sales,Sales Executive,38449,2022-11-11,,No,4
885,Employee_885,Marketing,SEO Specialist,103793,2023-07-26,,No,5
886,Employee_886,Sales,Sales Executive,74477,2023-04-10,2023-11-17,Yes,5
887,Employee_887,IT,Backend Developer,41586,2021-03-16,2023-02-08,Yes,2
888,Employee_888,Marketing,Content Manager,32605,2023-06-29,,No,1
889,Employee_889,HR,HR Manager,83209,2022-01-19,2024-03-29,Yes,5
890,Employee_890,Sales,Sales Executive,90106,2023-03-26,,No,5
891,Employee_891,Sales,Sales Executive,68255,2020-03-24,,No,4
892,Employee_892,Finance,Accountant,95915,2022-09-15,2024-02-23,Yes,4
893,Employee_893,Marketing,SEO Specialist,83369,2022-05-21,,No,1
894,Employee_894,Sales,Sales Manager,47630,2023-04-27,2024-10-12,Yes,4
895,Employee_895,Sales,Sales Executive,69365,2021-11-15,,No,5
896,Employee_896,Finance,Financial Analyst,50613,2023-04-09,,No,4
897,Employee_897,Marketing,SEO Specialist,65875,2020-07-10,,No,5
898,Employee_898,Marketing,Content Manager,67855,2020-12-10,2022-09-26,Yes,4
899,Employee_899,Finance,Financial Analyst,84975,2022-06-24,,No,5
900,Employee_900,Marketing,SEO Specialist,33829,2023-05-05,,No,2
901,Employee_901,IT,Backend Developer,35902,2020-06-24,,No,3
902,Employee_902,Marketing,SEO Specialist,118600,2021-12-27,,No,4
903,Employee_903,HR,HR Executive,103509,2022-10-18,,No,2
904,Employee_904,IT,Data Analyst,115266,2020-12-15,2021-07-23,Yes,1
905,Employee_905,Marketing,Content Manager,84314,2020-02-13,2020-08-22,Yes,2
906,Employee_906,Finance,Accountant,102296,2020-08-25,,No,1
907,Employee_907,IT,Data Analyst,58891,2023-09-09,,No,4
908,Employee_908,IT,Data Engineer,66848,2022-02-12,2023-12-02,Yes,3
909,Employee_909,Sales,Sales Manager,43668,2022-01-30,,No,1
910,Employee_910,Marketing,Content Manager,117607,2022-06-14,2022-10-29,Yes,4
911,Employee_911,HR,HR Manager,84216,2022-01-07,2023-05-06,Yes,1
912,Employee_912,Marketing,Content Manager,85126,2021-09-24,2023-02-03,Yes,1
913,Employee_913,Marketing,Content Manager,113126,2023-05-20,,No,1
914,Employee_914,IT,Backend Developer,51757,2022-07-12,,No,4
915,Employee_915,IT,Data Analyst,118765,2020-07-20,,No,2
916,Employee_916,Sales,Sales Manager,53165,2020-10-24,2021-06-28,Yes,1
917,Employee_917,Marketing,SEO Specialist,74927,2023-06-15,2025-04-03,Yes,2
918,Employee_918,IT,Data Engineer,56047,2023-09-14,2025-09-11,Yes,2
919,Employee_919,Marketing,Content Manager,112663,2022-08-10,2023-08-16,Yes,4
920,Employee_920,Sales,Sales Executive,45809,2023-08-24,2025-06-03,Yes,5
921,Employee_921,Marketing,Content Manager,111716,2020-02-12,,No,5
922,Employee_922,Marketing,Content Manager,57698,2021-03-05,,No,1
923,Employee_923,Marketing,Content Manager,72308,2021-06-28,2022-07-11,Yes,5
924,Employee_924,Marketing,Content Manager,99530,2024-01-21,,No,4
925,Employee_925,Sales,Sales Executive,118515,2020-07-11,,No,3
926,Employee_926,Marketing,SEO Specialist,73710,2020-07-30,2020-11-28,Yes,3
927,Employee_927,Sales,Sales Executive,76913,2023-03-25,,No,5
928,Employee_928,Finance,Accountant,101552,2022-11-25,,No,5
929,Employee_929,Finance,Accountant,46525,2021-05-07,,No,2
930,Employee_930,IT,Backend Developer,110487,2022-03-03,,No,5
931,Employee_931,IT,Data Engineer,86943,2020-12-05,,No,2
932,Employee_932,HR,HR Manager,118339,2021-08-20,,No,2
933,Employee_933,HR,HR Executive,60539,2021-07-11,2023-05-23,Yes,3
934,Employee_934,IT,Backend Developer,47257,2021-01-08,,No,5
935,Employee_935,Sales,Sales Manager,76063,2022-12-16,2023-06-07,Yes,2
936,Employee_936,HR,HR Executive,103542,2020-10-08,,No,4
937,Employee_937,HR,HR Manager,97778,2021-03-20,2022-05-29,Yes,2
938,Employee_938,Finance,Accountant,101781,2021-11-08,2022-02-25,Yes,2
939,Employee_939,Marketing,Content Manager,109414,2021-07-11,2022-06-21,Yes,4
940,Employee_940,IT,Backend Developer,67500,2023-01-10,2024-07-14,Yes,2
941,Employee_941,Marketing,SEO Specialist,80954,2022-08-12,2023-08-15,Yes,1
942,Employee_942,HR,HR Manager,99543,2020-01-25,2021-11-07,Yes,5
943,Employee_943,Marketing,Content Manager,99161,2024-01-21,2025-11-08,Yes,5
944,Employee_944,IT,Backend Developer,82183,2023-04-20,,No,2
945,Employee_945,Sales,Sales Manager,77521,2024-01-14,2025-07-28,Yes,4
946,Employee_946,Sales,Sales Manager,33172,2023-11-11,2025-10-26,Yes,2
947,Employee_947,IT,Backend Developer,116848,2021-06-19,2022-11-30,Yes,5
948,Employee_948,IT,Data Engineer,90985,2020-11-29,,No,5
949,Employee_949,Marketing,SEO Specialist,55747,2023-05-29,,No,1
950,Employee_950,Finance,Financial Analyst,73826,2020-08-07,,No,4
951,Employee_951,Finance,Accountant,92430,2023-06-17,,No,4
952,Employee_952,IT,Data Analyst,68300,2023-05-04,,No,5
953,Employee_953,HR,HR Manager,34302,2020-05-31,2022-05-10,Yes,5
954,Employee_954,Finance,Accountant,55872,2021-08-26,,No,3
955,Employee_955,IT,Data Analyst,86967,2021-08-30,,No,1
956,Employee_956,Sales,Sales Manager,32507,2024-02-05,,No,5
957,Employee_957,Finance,Accountant,89456,2021-06-04,,No,2
958,Employee_958,Marketing,Content Manager,96252,2021-06-05,,No,2
959,Employee_959,Sales,Sales Manager,67962,2020-06-03,,No,3
960,Employee_960,IT,Data Analyst,86857,2022-10-31,,No,4
961,Employee_961,Sales,Sales Executive,114722,2022-09-24,2024-08-14,Yes,1
962,Employee_962,Marketing,SEO Specialist,70246,2021-07-27,2022-04-10,Yes,4
963,Employee_963,IT,Data Analyst,90647,2022-08-07,2023-05-28,Yes,1
964,Employee_964,Finance,Financial Analyst,58507,2022-08-21,2024-05-05,Yes,3
965,Employee_965,Marketing,Content Manager,54577,2021-09-28,,No,4
966,Employee_966,Finance,Financial Analyst,68680,2022-08-29,,No,2
967,Employee_967,Marketing,Content Manager,79232,2023-10-26,,No,3
968,Employee_968,IT,Data Analyst,106471,2020-11-07,2021-11-26,Yes,1
969,Employee_969,Sales,Sales Manager,68930,2020-07-19,2021-03-05,Yes,1
970,Employee_970,Sales,Sales Executive,73039,2022-09-09,2023-02-22,Yes,5
971,Employee_971,Marketing,SEO Specialist,113506,2021-05-01,,No,4
972,Employee_972,Finance,Accountant,93293,2021-01-26,2022-01-19,Yes,4
973,Employee_973,HR,HR Executive,104582,2022-02-04,2024-02-14,Yes,2
974,Employee_974,Marketing,SEO Specialist,57145,2023-02-10,,No,3
975,Employee_975,Finance,Accountant,33737,2020-10-02,2021-12-21,Yes,1
976,Employee_976,HR,HR Manager,106927,2020-01-19,2020-06-22,Yes,5
977,Employee_977,HR,HR Executive,63069,2021-07-19,,No,2
978,Employee_978,HR,HR Executive,102365,2021-11-12,,No,4
979,Employee_979,Sales,Sales Executive,55825,2022-08-13,2022-12-12,Yes,5
980,Employee_980,IT,Data Engineer,44148,2020-02-29,2020-06-09,Yes,1
981,Employee_981,IT,Backend Developer,118374,2022-08-16,,No,5
982,Employee_982,HR,HR Manager,58536,2023-09-29,,No,4
983,Employee_983,IT,Data Engineer,85475,2020-06-15,2021-05-24,Yes,4
984,Employee_984,Marketing,SEO Specialist,54779,2020-09-26,,No,5
985,Employee_985,Marketing,Content Manager,59658,2022-08-30,2023-12-22,Yes,5
986,Employee_986,Sales,Sales Manager,40228,2024-02-04,,No,4
987,Employee_987,Sales,Sales Manager,98214,2021-11-16,,No,1
988,Employee_988,IT,Data Analyst,45170,2022-12-13,2023-04-16,Yes,1
989,Employee_989,Marketing,Content Manager,116696,2023-11-02,,No,2
990,Employee_990,Marketing,Content Manager,75079,2023-05-31,,No,3
991,Employee_991,Finance,Accountant,88795,2020-12-05,,No,5
992,Employee_992,IT,Data Engineer,85090,2020-09-21,2022-04-27,Yes,4
993,Employee_993,HR,HR Manager,100838,2020-06-02,2022-04-27,Yes,3
994,Employee_994,HR,HR Executive,95209,2022-11-02,,No,4
995,Employee_995,IT,Data Analyst,99361,2023-05-01,,No,3
996,Employee_996,Sales,Sales Manager,83715,2020-01-24,,No,3
997,Employee_997,Marketing,SEO Specialist,82175,2022-04-09,2023-08-13,Yes,5
998,Employee_998,Sales,Sales Manager,75917,2022-06-05,,No,4
999,Employee_999,HR,HR Manager,89427,2022-09-07,,No,5
1000,Employee_1000,IT,Data Analyst,119883,2024-01-14,2024-09-12,Yes,3
